{
    "standard": {
        "QUANT": {
            "precision": 0.8427672955974843,
            "recall": 0.40978593272171254,
            "fscore": 0.551440329218107
        },
        "PLACE": {
            "precision": 0.9272151898734177,
            "recall": 0.9127725856697819,
            "fscore": 0.9199372056514912
        },
        "NORP": {
            "precision": 0.8601694915254238,
            "recall": 0.9227272727272727,
            "fscore": 0.8903508771929824
        },
        "ORG": {
            "precision": 0.6797385620915033,
            "recall": 0.803088803088803,
            "fscore": 0.736283185840708
        },
        "WHEN": {
            "precision": 0.7340823970037453,
            "recall": 0.7538461538461538,
            "fscore": 0.7438330170777989
        },
        "PERSON": {
            "precision": 0.8888888888888888,
            "recall": 0.7843137254901961,
            "fscore": 0.8333333333333334
        },
        "LAW": {
            "precision": 0.6111111111111112,
            "recall": 0.18333333333333332,
            "fscore": 0.282051282051282
        },
        "overall_micro": {
            "precision": 0.8286229705351774,
            "recall": 0.7575590984057174,
            "fscore": 0.7914991384261919
        },
        "overall_macro": {
            "precision": 0.7919961337273678,
            "recall": 0.6814096866967505,
            "fscore": 0.7081756043379575
        }
    },
    "label": {
        "QUANT": {
            "precision": 0.8679245283018868,
            "recall": 0.42201834862385323,
            "fscore": 0.5679012345679013
        },
        "PLACE": {
            "precision": 0.9493670886075949,
            "recall": 0.9345794392523364,
            "fscore": 0.9419152276295133
        },
        "NORP": {
            "precision": 0.8728813559322034,
            "recall": 0.9363636363636364,
            "fscore": 0.9035087719298246
        },
        "ORG": {
            "precision": 0.7352941176470589,
            "recall": 0.8687258687258688,
            "fscore": 0.7964601769911505
        },
        "WHEN": {
            "precision": 0.8801498127340824,
            "recall": 0.9038461538461539,
            "fscore": 0.8918406072106262
        },
        "PERSON": {
            "precision": 0.9333333333333333,
            "recall": 0.8235294117647058,
            "fscore": 0.8749999999999999
        },
        "LAW": {
            "precision": 0.7222222222222222,
            "recall": 0.21666666666666667,
            "fscore": 0.3333333333333333
        },
        "overall_micro": {
            "precision": 0.8773301262778112,
            "recall": 0.8020890599230346,
            "fscore": 0.8380241240666284
        },
        "overall_macro": {
            "precision": 0.8515960655397689,
            "recall": 0.7293899321776031,
            "fscore": 0.7585656216660499
        }
    }
}