{
    "standard": {
        "QUANT": {
            "precision": 0.8427672955974843,
            "recall": 0.40978593272171254,
            "fscore": 0.551440329218107
        },
        "PLACE": {
            "precision": 0.9287974683544303,
            "recall": 0.9143302180685359,
            "fscore": 0.9215070643642073
        },
        "NORP": {
            "precision": 0.8638297872340426,
            "recall": 0.9227272727272727,
            "fscore": 0.8923076923076925
        },
        "ORG": {
            "precision": 0.6797385620915033,
            "recall": 0.803088803088803,
            "fscore": 0.736283185840708
        },
        "WHEN": {
            "precision": 0.7303370786516854,
            "recall": 0.75,
            "fscore": 0.7400379506641366
        },
        "PERSON": {
            "precision": 0.8888888888888888,
            "recall": 0.7843137254901961,
            "fscore": 0.8333333333333334
        },
        "LAW": {
            "precision": 0.6111111111111112,
            "recall": 0.18333333333333332,
            "fscore": 0.282051282051282
        },
        "overall_micro": {
            "precision": 0.8291215403128761,
            "recall": 0.7575590984057174,
            "fscore": 0.791726515369147
        },
        "overall_macro": {
            "precision": 0.7922100274184495,
            "recall": 0.6810827550614077,
            "fscore": 0.7081372625399237
        }
    },
    "label": {
        "QUANT": {
            "precision": 0.8679245283018868,
            "recall": 0.42201834862385323,
            "fscore": 0.5679012345679013
        },
        "PLACE": {
            "precision": 0.9509493670886076,
            "recall": 0.9361370716510904,
            "fscore": 0.9434850863422292
        },
        "NORP": {
            "precision": 0.8765957446808511,
            "recall": 0.9363636363636364,
            "fscore": 0.9054945054945055
        },
        "ORG": {
            "precision": 0.7352941176470589,
            "recall": 0.8687258687258688,
            "fscore": 0.7964601769911505
        },
        "WHEN": {
            "precision": 0.8801498127340824,
            "recall": 0.9038461538461539,
            "fscore": 0.8918406072106262
        },
        "PERSON": {
            "precision": 0.9333333333333333,
            "recall": 0.8235294117647058,
            "fscore": 0.8749999999999999
        },
        "LAW": {
            "precision": 0.7222222222222222,
            "recall": 0.21666666666666667,
            "fscore": 0.3333333333333333
        },
        "overall_micro": {
            "precision": 0.8784596871239471,
            "recall": 0.8026388125343595,
            "fscore": 0.8388394139615053
        },
        "overall_macro": {
            "precision": 0.8523527322868631,
            "recall": 0.7296124510917108,
            "fscore": 0.7590735634199637
        }
    }
}