{
    "standard": {
        "ORG": {
            "precision": 0.27413127413127414,
            "recall": 0.5482625482625483,
            "fscore": 0.3655083655083655
        },
        "PLACE": {
            "precision": 0.5824324324324325,
            "recall": 0.6713395638629284,
            "fscore": 0.6237337192474675
        },
        "QUANT": {
            "precision": 0.7131147540983607,
            "recall": 0.26605504587155965,
            "fscore": 0.3875278396436526
        },
        "PERSON": {
            "precision": 0.011904761904761904,
            "recall": 0.0196078431372549,
            "fscore": 0.014814814814814814
        },
        "NORP": {
            "precision": 0.48046875,
            "recall": 0.5590909090909091,
            "fscore": 0.5168067226890756
        },
        "WHEN": {
            "precision": 0.5405405405405406,
            "recall": 0.46153846153846156,
            "fscore": 0.49792531120331956
        },
        "LAW": {
            "precision": 0.19047619047619047,
            "recall": 0.06666666666666667,
            "fscore": 0.09876543209876543
        },
        "overall_micro": {
            "precision": 0.4625573102394294,
            "recall": 0.49917537108301263,
            "fscore": 0.48016922263352724
        },
        "overall_macro": {
            "precision": 0.39900981479765146,
            "recall": 0.3703658626329041,
            "fscore": 0.357868886457923
        }
    },
    "label": {
        "ORG": {
            "precision": 0.416988416988417,
            "recall": 0.833976833976834,
            "fscore": 0.555984555984556
        },
        "PLACE": {
            "precision": 0.7554054054054054,
            "recall": 0.8707165109034268,
            "fscore": 0.8089725036179449
        },
        "QUANT": {
            "precision": 0.819672131147541,
            "recall": 0.3058103975535168,
            "fscore": 0.44543429844097987
        },
        "PERSON": {
            "precision": 0.35714285714285715,
            "recall": 0.5882352941176471,
            "fscore": 0.4444444444444445
        },
        "NORP": {
            "precision": 0.68359375,
            "recall": 0.7954545454545454,
            "fscore": 0.7352941176470588
        },
        "WHEN": {
            "precision": 0.8423423423423423,
            "recall": 0.7192307692307692,
            "fscore": 0.7759336099585061
        },
        "LAW": {
            "precision": 0.5714285714285714,
            "recall": 0.2,
            "fscore": 0.29629629629629634
        },
        "overall_micro": {
            "precision": 0.651553744268976,
            "recall": 0.703133589884552,
            "fscore": 0.6763617133791644
        },
        "overall_macro": {
            "precision": 0.6352247820650192,
            "recall": 0.6162034787481057,
            "fscore": 0.5803371180556838
        }
    }
}