{
    "standard": {
        "PLACE": {
            "precision": 0.64340239912759,
            "recall": 0.9190031152647975,
            "fscore": 0.7568954457985889
        },
        "QUANT": {
            "precision": 0.9041095890410958,
            "recall": 0.2018348623853211,
            "fscore": 0.33
        },
        "ORG": {
            "precision": 0.6006944444444444,
            "recall": 0.667953667953668,
            "fscore": 0.6325411334552102
        },
        "WHEN": {
            "precision": 0.7191011235955056,
            "recall": 0.7384615384615385,
            "fscore": 0.72865275142315
        },
        "NORP": {
            "precision": 0.8695652173913043,
            "recall": 0.09090909090909091,
            "fscore": 0.1646090534979424
        },
        "PERSON": {
            "precision": 0.0,
            "recall": 0.0,
            "fscore": 0.0
        },
        "LAW": {
            "precision": 0.0,
            "recall": 0.0,
            "fscore": 0.0
        },
        "overall_micro": {
            "precision": 0.6639030612244898,
            "recall": 0.5722924683892249,
            "fscore": 0.6147032772364925
        },
        "overall_macro": {
            "precision": 0.5338389676571343,
            "recall": 0.3740231821392022,
            "fscore": 0.3732426263106988
        }
    },
    "label": {
        "PLACE": {
            "precision": 0.6695747001090513,
            "recall": 0.956386292834891,
            "fscore": 0.7876844130853111
        },
        "QUANT": {
            "precision": 0.9178082191780822,
            "recall": 0.20489296636085627,
            "fscore": 0.335
        },
        "ORG": {
            "precision": 0.6493055555555556,
            "recall": 0.722007722007722,
            "fscore": 0.6837294332723949
        },
        "WHEN": {
            "precision": 0.8838951310861424,
            "recall": 0.9076923076923077,
            "fscore": 0.8956356736242884
        },
        "NORP": {
            "precision": 0.9130434782608695,
            "recall": 0.09545454545454546,
            "fscore": 0.17283950617283952
        },
        "PERSON": {
            "precision": 0.0,
            "recall": 0.0,
            "fscore": 0.0
        },
        "LAW": {
            "precision": 0.0,
            "recall": 0.0,
            "fscore": 0.0
        },
        "overall_micro": {
            "precision": 0.7174744897959183,
            "recall": 0.6184716877405168,
            "fscore": 0.6643046944198405
        },
        "overall_macro": {
            "precision": 0.5762324405985286,
            "recall": 0.41234769062147464,
            "fscore": 0.4106984323078334
        }
    }
}