{
    "standard": {
        "PLACE": {
            "precision": 0.6469298245614035,
            "recall": 0.9190031152647975,
            "fscore": 0.7593307593307593
        },
        "QUANT": {
            "precision": 0.9154929577464789,
            "recall": 0.19877675840978593,
            "fscore": 0.32663316582914576
        },
        "ORG": {
            "precision": 0.603448275862069,
            "recall": 0.6756756756756757,
            "fscore": 0.6375227686703097
        },
        "WHEN": {
            "precision": 0.7340823970037453,
            "recall": 0.7538461538461538,
            "fscore": 0.7438330170777989
        },
        "NORP": {
            "precision": 0.8260869565217391,
            "recall": 0.08636363636363636,
            "fscore": 0.15637860082304528
        },
        "PERSON": {
            "precision": 0.0,
            "recall": 0.0,
            "fscore": 0.0
        },
        "LAW": {
            "precision": 0.0,
            "recall": 0.0,
            "fscore": 0.0
        },
        "overall_micro": {
            "precision": 0.6685860524632118,
            "recall": 0.5744914788345244,
            "fscore": 0.6179775280898877
        },
        "overall_macro": {
            "precision": 0.5322914873850623,
            "recall": 0.37623790565143567,
            "fscore": 0.3748140445330085
        }
    },
    "label": {
        "PLACE": {
            "precision": 0.6721491228070176,
            "recall": 0.9548286604361371,
            "fscore": 0.788931788931789
        },
        "QUANT": {
            "precision": 0.9154929577464789,
            "recall": 0.19877675840978593,
            "fscore": 0.32663316582914576
        },
        "ORG": {
            "precision": 0.6448275862068965,
            "recall": 0.722007722007722,
            "fscore": 0.6812386156648451
        },
        "WHEN": {
            "precision": 0.8838951310861424,
            "recall": 0.9076923076923077,
            "fscore": 0.8956356736242884
        },
        "NORP": {
            "precision": 0.8695652173913043,
            "recall": 0.09090909090909091,
            "fscore": 0.1646090534979424
        },
        "PERSON": {
            "precision": 0.0,
            "recall": 0.0,
            "fscore": 0.0
        },
        "LAW": {
            "precision": 0.0,
            "recall": 0.0,
            "fscore": 0.0
        },
        "overall_micro": {
            "precision": 0.7172104926423545,
            "recall": 0.6162726772952172,
            "fscore": 0.6629213483146067
        },
        "overall_macro": {
            "precision": 0.5694185736054057,
            "recall": 0.41060207706500623,
            "fscore": 0.408149756792573
        }
    }
}