{
    "standard": {
        "QUANT": {
            "precision": 0.7786885245901639,
            "recall": 0.290519877675841,
            "fscore": 0.42316258351893093
        },
        "PLACE": {
            "precision": 0.9028213166144201,
            "recall": 0.897196261682243,
            "fscore": 0.9
        },
        "NORP": {
            "precision": 0.8809523809523809,
            "recall": 0.8409090909090909,
            "fscore": 0.8604651162790699
        },
        "ORG": {
            "precision": 0.5726495726495726,
            "recall": 0.7760617760617761,
            "fscore": 0.6590163934426229
        },
        "WHEN": {
            "precision": 0.5954692556634305,
            "recall": 0.7076923076923077,
            "fscore": 0.6467486818980668
        },
        "PERSON": {
            "precision": 0.9512195121951219,
            "recall": 0.7647058823529411,
            "fscore": 0.8478260869565216
        },
        "LAW": {
            "precision": 0.0,
            "recall": 0.0,
            "fscore": 0.0
        },
        "overall_micro": {
            "precision": 0.7660083782166367,
            "recall": 0.7036833424958768,
            "fscore": 0.7335243553008596
        },
        "overall_macro": {
            "precision": 0.6688286518092985,
            "recall": 0.6110121709106,
            "fscore": 0.6196026945850303
        }
    },
    "label": {
        "QUANT": {
            "precision": 0.8442622950819673,
            "recall": 0.3149847094801223,
            "fscore": 0.4587973273942094
        },
        "PLACE": {
            "precision": 0.9231974921630094,
            "recall": 0.9174454828660437,
            "fscore": 0.9203125000000001
        },
        "NORP": {
            "precision": 0.8904761904761904,
            "recall": 0.85,
            "fscore": 0.8697674418604651
        },
        "ORG": {
            "precision": 0.6210826210826211,
            "recall": 0.8416988416988417,
            "fscore": 0.7147540983606557
        },
        "WHEN": {
            "precision": 0.7766990291262136,
            "recall": 0.9230769230769231,
            "fscore": 0.843585237258348
        },
        "PERSON": {
            "precision": 0.975609756097561,
            "recall": 0.7843137254901961,
            "fscore": 0.8695652173913043
        },
        "LAW": {
            "precision": 0.0,
            "recall": 0.0,
            "fscore": 0.0
        },
        "overall_micro": {
            "precision": 0.8240574506283662,
            "recall": 0.7570093457943925,
            "fscore": 0.7891117478510028
        },
        "overall_macro": {
            "precision": 0.7187610548610804,
            "recall": 0.6616456689445895,
            "fscore": 0.6681116888949976
        }
    }
}