{
    "standard": {
        "PLACE": {
            "precision": 0.8636363636363636,
            "recall": 0.17757009345794392,
            "fscore": 0.2945736434108527
        },
        "QUANT": {
            "precision": 1.0,
            "recall": 0.03363914373088685,
            "fscore": 0.06508875739644969
        },
        "ORG": {
            "precision": 0.0,
            "recall": 0.0,
            "fscore": 0.0
        },
        "WHEN": {
            "precision": 0.7211895910780669,
            "recall": 0.7461538461538462,
            "fscore": 0.7334593572778828
        },
        "NORP": {
            "precision": 0.0,
            "recall": 0.0,
            "fscore": 0.0
        },
        "PERSON": {
            "precision": 0.0,
            "recall": 0.0,
            "fscore": 0.0
        },
        "LAW": {
            "precision": 0.0,
            "recall": 0.0,
            "fscore": 0.0
        },
        "overall_micro": {
            "precision": 0.7742718446601942,
            "recall": 0.1753710830126443,
            "fscore": 0.285970416853429
        },
        "overall_macro": {
            "precision": 0.36926085067349007,
            "recall": 0.13676615476323956,
            "fscore": 0.15616025115502646
        }
    },
    "label": {
        "PLACE": {
            "precision": 0.9318181818181818,
            "recall": 0.19158878504672897,
            "fscore": 0.31782945736434104
        },
        "QUANT": {
            "precision": 1.0,
            "recall": 0.03363914373088685,
            "fscore": 0.06508875739644969
        },
        "ORG": {
            "precision": 0.0,
            "recall": 0.0,
            "fscore": 0.0
        },
        "WHEN": {
            "precision": 0.8587360594795539,
            "recall": 0.8884615384615384,
            "fscore": 0.8733459357277882
        },
        "NORP": {
            "precision": 0.0,
            "recall": 0.0,
            "fscore": 0.0
        },
        "PERSON": {
            "precision": 0.0,
            "recall": 0.0,
            "fscore": 0.0
        },
        "LAW": {
            "precision": 0.0,
            "recall": 0.0,
            "fscore": 0.0
        },
        "overall_micro": {
            "precision": 0.8859223300970874,
            "recall": 0.20065970313358988,
            "fscore": 0.3272075302554908
        },
        "overall_macro": {
            "precision": 0.39865060589967655,
            "recall": 0.15909849531987916,
            "fscore": 0.17946630721265414
        }
    }
}