{
    "standard": {
        "PLACE": {
            "precision": 0.6408345752608048,
            "recall": 0.6697819314641744,
            "fscore": 0.654988575780655
        },
        "QUANT": {
            "precision": 0.7213114754098361,
            "recall": 0.2691131498470948,
            "fscore": 0.39198218262806234
        },
        "ORG": {
            "precision": 0.4034582132564842,
            "recall": 0.5405405405405406,
            "fscore": 0.46204620462046214
        },
        "NORP": {
            "precision": 0.45652173913043476,
            "recall": 0.5727272727272728,
            "fscore": 0.5080645161290323
        },
        "PERSON": {
            "precision": 0.007142857142857143,
            "recall": 0.0196078431372549,
            "fscore": 0.010471204188481676
        },
        "LAW": {
            "precision": 0.0364963503649635,
            "recall": 0.08333333333333333,
            "fscore": 0.050761421319796954
        },
        "WHEN": {
            "precision": 0.5260869565217391,
            "recall": 0.4653846153846154,
            "fscore": 0.49387755102040815
        },
        "overall_micro": {
            "precision": 0.4737389495579823,
            "recall": 0.5008246289169873,
            "fscore": 0.48690539818278994
        },
        "overall_macro": {
            "precision": 0.39883602386958844,
            "recall": 0.37435552663346944,
            "fscore": 0.3674559508124141
        }
    },
    "label": {
        "PLACE": {
            "precision": 0.789865871833085,
            "recall": 0.8255451713395638,
            "fscore": 0.8073115003808073
        },
        "QUANT": {
            "precision": 0.8442622950819673,
            "recall": 0.3149847094801223,
            "fscore": 0.4587973273942094
        },
        "ORG": {
            "precision": 0.5936599423631124,
            "recall": 0.7953667953667953,
            "fscore": 0.6798679867986798
        },
        "NORP": {
            "precision": 0.6594202898550725,
            "recall": 0.8272727272727273,
            "fscore": 0.7338709677419354
        },
        "PERSON": {
            "precision": 0.25,
            "recall": 0.6862745098039216,
            "fscore": 0.36649214659685864
        },
        "LAW": {
            "precision": 0.1897810218978102,
            "recall": 0.43333333333333335,
            "fscore": 0.2639593908629442
        },
        "WHEN": {
            "precision": 0.8652173913043478,
            "recall": 0.7653846153846153,
            "fscore": 0.8122448979591836
        },
        "overall_micro": {
            "precision": 0.6661466458658346,
            "recall": 0.7042330951072018,
            "fscore": 0.6846606092998396
        },
        "overall_macro": {
            "precision": 0.598886687476485,
            "recall": 0.6640231231401542,
            "fscore": 0.5889348882478026
        }
    }
}