{
    "standard": {
        "PLACE": {
            "precision": 0.6343042071197411,
            "recall": 0.9158878504672897,
            "fscore": 0.7495219885277248
        },
        "QUANT": {
            "precision": 0.8904109589041096,
            "recall": 0.19877675840978593,
            "fscore": 0.325
        },
        "ORG": {
            "precision": 0.5868055555555556,
            "recall": 0.6525096525096525,
            "fscore": 0.6179159049360147
        },
        "WHEN": {
            "precision": 0.6573426573426573,
            "recall": 0.7230769230769231,
            "fscore": 0.6886446886446886
        },
        "NORP": {
            "precision": 0.8461538461538461,
            "recall": 0.05,
            "fscore": 0.0944206008583691
        },
        "PERSON": {
            "precision": 0.0,
            "recall": 0.0,
            "fscore": 0.0
        },
        "LAW": {
            "precision": 0.0,
            "recall": 0.0,
            "fscore": 0.0
        },
        "overall_micro": {
            "precision": 0.6433522369250158,
            "recall": 0.5612974161627268,
            "fscore": 0.5995302407516149
        },
        "overall_macro": {
            "precision": 0.5164310321537015,
            "recall": 0.36289302635195014,
            "fscore": 0.35364331185239967
        }
    },
    "label": {
        "PLACE": {
            "precision": 0.6591154261057174,
            "recall": 0.9517133956386293,
            "fscore": 0.7788400254939453
        },
        "QUANT": {
            "precision": 0.9041095890410958,
            "recall": 0.2018348623853211,
            "fscore": 0.33
        },
        "ORG": {
            "precision": 0.6388888888888888,
            "recall": 0.7104247104247104,
            "fscore": 0.6727605118829982
        },
        "WHEN": {
            "precision": 0.8391608391608392,
            "recall": 0.9230769230769231,
            "fscore": 0.8791208791208791
        },
        "NORP": {
            "precision": 0.8461538461538461,
            "recall": 0.05,
            "fscore": 0.0944206008583691
        },
        "PERSON": {
            "precision": 0.0,
            "recall": 0.0,
            "fscore": 0.0
        },
        "LAW": {
            "precision": 0.0,
            "recall": 0.0,
            "fscore": 0.0
        },
        "overall_micro": {
            "precision": 0.700693131695022,
            "recall": 0.6113249037932931,
            "fscore": 0.6529653552554316
        },
        "overall_macro": {
            "precision": 0.5553469413357697,
            "recall": 0.4052928416465119,
            "fscore": 0.39359171676517024
        }
    }
}