{
    "standard": {
        "QUANT": {
            "precision": 0.7971014492753623,
            "recall": 0.3363914373088685,
            "fscore": 0.47311827956989244
        },
        "PLACE": {
            "precision": 0.8966049382716049,
            "recall": 0.9049844236760125,
            "fscore": 0.9007751937984496
        },
        "NORP": {
            "precision": 0.8590909090909091,
            "recall": 0.8590909090909091,
            "fscore": 0.8590909090909091
        },
        "ORG": {
            "precision": 0.6428571428571429,
            "recall": 0.7644787644787645,
            "fscore": 0.6984126984126985
        },
        "WHEN": {
            "precision": 0.6802973977695167,
            "recall": 0.7038461538461539,
            "fscore": 0.6918714555765596
        },
        "PERSON": {
            "precision": 0.9285714285714286,
            "recall": 0.7647058823529411,
            "fscore": 0.8387096774193549
        },
        "LAW": {
            "precision": 0.6666666666666666,
            "recall": 0.03333333333333333,
            "fscore": 0.06349206349206349
        },
        "overall_micro": {
            "precision": 0.7997542997542998,
            "recall": 0.7157778999450247,
            "fscore": 0.7554395126196694
        },
        "overall_macro": {
            "precision": 0.7815985617860902,
            "recall": 0.6238329862981404,
            "fscore": 0.6464957539085611
        }
    },
    "label": {
        "QUANT": {
            "precision": 0.8623188405797102,
            "recall": 0.363914373088685,
            "fscore": 0.5118279569892473
        },
        "PLACE": {
            "precision": 0.9151234567901234,
            "recall": 0.9236760124610592,
            "fscore": 0.9193798449612404
        },
        "NORP": {
            "precision": 0.8727272727272727,
            "recall": 0.8727272727272727,
            "fscore": 0.8727272727272727
        },
        "ORG": {
            "precision": 0.6785714285714286,
            "recall": 0.806949806949807,
            "fscore": 0.7372134038800706
        },
        "WHEN": {
            "precision": 0.8587360594795539,
            "recall": 0.8884615384615384,
            "fscore": 0.8733459357277882
        },
        "PERSON": {
            "precision": 0.9761904761904762,
            "recall": 0.803921568627451,
            "fscore": 0.8817204301075269
        },
        "LAW": {
            "precision": 1.0,
            "recall": 0.05,
            "fscore": 0.09523809523809523
        },
        "overall_micro": {
            "precision": 0.8525798525798526,
            "recall": 0.7630566245189665,
            "fscore": 0.8053379750507688
        },
        "overall_macro": {
            "precision": 0.8805239334769379,
            "recall": 0.6728072246165447,
            "fscore": 0.6987789913758916
        }
    }
}